Status,Solve,Objval
OPTIMAL,102.00049781799316,319683.36005251267
