Status,Solve,Objval
OPTIMAL,27.485546112060547,221827.62681872054
