Status,Solve,Objval
OPTIMAL,22.887744903564453,224660.5202651818
