Status,Solve,Objval
OPTIMAL,27.848750114440918,354409.9542919251
