Status,Solve,Objval
OPTIMAL,23.60903787612915,352773.3136836662
