Status,Solve,Objval
OPTIMAL,110.50776600837708,264375.00277266616
