Status,Solve,Objval
OPTIMAL,20.32206106185913,373577.8659415463
