Status,Solve,Objval
OPTIMAL,20.182262897491455,225076.04389631344
