Status,Solve,Objval
OPTIMAL,20.655762195587158,237755.36653981058
