Status,Solve,Objval
OPTIMAL,17.721170902252197,326091.86509801715
