Status,Solve,Objval
OPTIMAL,35.479779958724976,313516.8926788411
