Status,Solve,Objval
OPTIMAL,15.73314118385315,321326.342208007
